start,end,time elapsed
2.8586344,23163.6704649,0 days 06:26:00.811830
