start,end,time elapsed
2.4157759,30115.4223527,0 days 08:21:53.006577
