start,end,time elapsed
2.5770121,32202.2360317,0 days 08:56:39.659020
