start,end,time elapsed
2.4606961,4237.3588888,0 days 01:10:34.898193
